Период: 16.01.2026-22.01.2026;;;;;;;;;;;;;;;
ID начисления;Дата начисления;Группа услуг;Тип начисления;Артикул;SKU;Название товара;Количество;Цена продавца;Дата принятия заказа в обработку или оказания услуги;Платформа продажи;Схема работы;Вознаграждение Ozon, %;Индекс локализации, %;Среднее время доставки, часы;Сумма итого, руб.
66931453-0312-1;16.01.2026;Услуги доставки;Логистика;4670157464770;1659212207;Витамин Д3 5000 ME + К2 120 капсул, витаминный комплекс для сосудов и иммунитета;1;524,00 ₽;09.01.2026;Ozon;FBO;27%;;;-46,77 ₽
66931453-0312-1;16.01.2026;Продажи;Выручка;4670157464770;1659212207;Витамин Д3 5000 ME + К2 120 капсул, витаминный комплекс для сосудов и иммунитета;1;524,00 ₽;09.01.2026;Ozon;FBO;0%;;;360,95 ₽
66931453-0312-1;16.01.2026;Продажи;Программы партнёров;4670157464770;1659212207;Витамин Д3 5000 ME + К2 120 капсул, витаминный комплекс для сосудов и иммунитета;1;524,00 ₽;09.01.2026;Ozon;FBO;0%;;;3,61 ₽
66931453-0312-1;16.01.2026;Продажи;Баллы за скидки;4670157464770;1659212207;Витамин Д3 5000 ME + К2 120 капсул, витаминный комплекс для сосудов и иммунитета;1;524,00 ₽;09.01.2026;Ozon;FBO;0%;;;159,44
66931453-0312-1;16.01.2026;Вознаграждение Ozon;Вознаграждение за продажу;4670157464770;1659212207;Витамин Д3 5000 ME + К2 120 капсул, витаминный комплекс для сосудов и иммунитета;1;524,00 ₽;09.01.2026;Ozon;FBO;27%;;;-141,48 ₽
66931453-0312-1;16.01.2026;Услуги агентов;Доставка до места выдачи;4670157464770;1659212207;Витамин Д3 5000 ME + К2 120 капсул, витаминный комплекс для сосудов и иммунитета;1;524,00 ₽;09.01.2026;Ozon;FBO;27%;;;-3,03 ₽
66931453-0312-1;16.01.2026;Услуги агентов;Звёздные товары;4670157464770;1659212207;Витамин Д3 5000 ME + К2 120 капсул, витаминный комплекс для сосудов и иммунитета;1;0,00 ₽;09.01.2026;Ozon;FBO;0%;;;-2,62 ₽
66931453-0312-1;16.01.2026;Продвижение и реклама;Бонусы продавца;4670157464770;1659212207;Витамин Д3 5000 ME + К2 120 капсул, витаминный комплекс для сосудов и иммунитета;1;0,00 ₽;09.01.2026;;;0%;;;-2,34 ₽
25600670-0099;16.01.2026;Услуги агентов;Эквайринг;4670157464770;1659212207;Витамин Д3 5000 ME + К2 120 капсул, витаминный комплекс для сосудов и иммунитета;2;0,00 ₽;16.01.2026;;;0%;;;-12,72 ₽
45808830-0347;16.01.2026;Услуги агентов;Эквайринг;4670157464770;1659212207;Витамин Д3 5000 ME + К2 120 капсул, витаминный комплекс для сосудов и иммунитета;1;0,00 ₽;16.01.2026;;;0%;;;-7,31 ₽
26649033-0220-1;16.01.2026;Услуги доставки;Логистика;4670157464770;1659212207;Витамин Д3 5000 ME + К2 120 капсул, витаминный комплекс для сосудов и иммунитета;1;387,00 ₽;10.01.2026;Ozon;FBO;27%;;;-46,77 ₽
26649033-0220-1;16.01.2026;Продажи;Выручка;4670157464770;1659212207;Витамин Д3 5000 ME + К2 120 капсул, витаминный комплекс для сосудов и иммунитета;1;387,00 ₽;10.01.2026;Ozon;FBO;0%;;;238,22 ₽
26649033-0220-1;16.01.2026;Продажи;Программы партнёров;4670157464770;1659212207;Витамин Д3 5000 ME + К2 120 капсул, витаминный комплекс для сосудов и иммунитета;1;387,00 ₽;10.01.2026;Ozon;FBO;0%;;;2,38 ₽
26649033-0220-1;16.01.2026;Продажи;Баллы за скидки;4670157464770;1659212207;Витамин Д3 5000 ME + К2 120 капсул, витаминный комплекс для сосудов и иммунитета;1;387,00 ₽;10.01.2026;Ozon;FBO;0%;;;146,40
26649033-0220-1;16.01.2026;Вознаграждение Ozon;Вознаграждение за продажу;4670157464770;1659212207;Витамин Д3 5000 ME + К2 120 капсул, витаминный комплекс для сосудов и иммунитета;1;387,00 ₽;10.01.2026;Ozon;FBO;27%;;;-104,49 ₽
26649033-0220-1;16.01.2026;Услуги агентов;Доставка до места выдачи;4670157464770;1659212207;Витамин Д3 5000 ME + К2 120 капсул, витаминный комплекс для сосудов и иммунитета;1;387,00 ₽;10.01.2026;Ozon;FBO;27%;;;-2,36 ₽
26649033-0220-3;16.01.2026;Услуги доставки;Логистика;4670157464770;1659212207;Витамин Д3 5000 ME + К2 120 капсул, витаминный комплекс для сосудов и иммунитета;1;387,00 ₽;10.01.2026;Ozon;FBO;27%;;;-46,77 ₽
26649033-0220-3;16.01.2026;Продажи;Выручка;4670157464770;1659212207;Витамин Д3 5000 ME + К2 120 капсул, витаминный комплекс для сосудов и иммунитета;1;387,00 ₽;10.01.2026;Ozon;FBO;0%;;;238,22 ₽
26649033-0220-3;16.01.2026;Продажи;Программы партнёров;4670157464770;1659212207;Витамин Д3 5000 ME + К2 120 капсул, витаминный комплекс для сосудов и иммунитета;1;387,00 ₽;10.01.2026;Ozon;FBO;0%;;;2,38 ₽
26649033-0220-3;16.01.2026;Продажи;Баллы за скидки;4670157464770;1659212207;Витамин Д3 5000 ME + К2 120 капсул, витаминный комплекс для сосудов и иммунитета;1;387,00 ₽;10.01.2026;Ozon;FBO;0%;;;146,40
26649033-0220-3;16.01.2026;Вознаграждение Ozon;Вознаграждение за продажу;4670157464770;1659212207;Витамин Д3 5000 ME + К2 120 капсул, витаминный комплекс для сосудов и иммунитета;1;387,00 ₽;10.01.2026;Ozon;FBO;27%;;;-104,49 ₽
26649033-0220-3;16.01.2026;Услуги агентов;Доставка до места выдачи;4670157464770;1659212207;Витамин Д3 5000 ME + К2 120 капсул, витаминный комплекс для сосудов и иммунитета;1;387,00 ₽;10.01.2026;Ozon;FBO;27%;;;-2,36 ₽
26649033-0220-3;16.01.2026;Услуги агентов;Звёздные товары;4670157464770;1659212207;Витамин Д3 5000 ME + К2 120 капсул, витаминный комплекс для сосудов и иммунитета;1;0,00 ₽;10.01.2026;Ozon;FBO;0%;;;-1,94 ₽
26649033-0220-1;16.01.2026;Услуги агентов;Звёздные товары;4670157464770;1659212207;Витамин Д3 5000 ME + К2 120 капсул, витаминный комплекс для сосудов и иммунитета;1;0,00 ₽;10.01.2026;Ozon;FBO;0%;;;-1,94 ₽
0136421013-0060-3;16.01.2026;Услуги доставки;Логистика;4670157464770;1659212207;Витамин Д3 5000 ME + К2 120 капсул, витаминный комплекс для сосудов и иммунитета;1;423,00 ₽;10.01.2026;Ozon;FBO;27%;;;-46,77 ₽
0136421013-0060-3;16.01.2026;Продажи;Выручка;4670157464770;1659212207;Витамин Д3 5000 ME + К2 120 капсул, витаминный комплекс для сосудов и иммунитета;1;423,00 ₽;10.01.2026;Ozon;FBO;0%;;;286,62 ₽
0136421013-0060-3;16.01.2026;Продажи;Программы партнёров;4670157464770;1659212207;Витамин Д3 5000 ME + К2 120 капсул, витаминный комплекс для сосудов и иммунитета;1;423,00 ₽;10.01.2026;Ozon;FBO;0%;;;2,87 ₽
0136421013-0060-3;16.01.2026;Продажи;Баллы за скидки;4670157464770;1659212207;Витамин Д3 5000 ME + К2 120 капсул, витаминный комплекс для сосудов и иммунитета;1;423,00 ₽;10.01.2026;Ozon;FBO;0%;;;133,51
0136421013-0060-3;16.01.2026;Вознаграждение Ozon;Вознаграждение за продажу;4670157464770;1659212207;Витамин Д3 5000 ME + К2 120 капсул, витаминный комплекс для сосудов и иммунитета;1;423,00 ₽;10.01.2026;Ozon;FBO;27%;;;-114,21 ₽
0136421013-0060-3;16.01.2026;Услуги агентов;Доставка до места выдачи;4670157464770;1659212207;Витамин Д3 5000 ME + К2 120 капсул, витаминный комплекс для сосудов и иммунитета;1;423,00 ₽;10.01.2026;Ozon;FBO;27%;;;-3,34 ₽
0136421013-0060-3;16.01.2026;Услуги агентов;Звёздные товары;4670157464770;1659212207;Витамин Д3 5000 ME + К2 120 капсул, витаминный комплекс для сосудов и иммунитета;1;0,00 ₽;10.01.2026;Ozon;FBO;0%;;;-2,12 ₽
;16.01.2026;Услуги FBO;Размещение товаров на складах Ozon;;;;0;0,00 ₽;16.01.2026;;;0%;;;-67,54 ₽
29505231-0089;17.01.2026;Услуги агентов;Эквайринг;4670157464770;1659212207;Витамин Д3 5000 ME + К2 120 капсул, витаминный комплекс для сосудов и иммунитета;1;0,00 ₽;17.01.2026;;;0%;;;-6,81 ₽
94557143-0026-2;17.01.2026;Продвижение и реклама;Бонусы продавца;4670157464770;1659212207;Витамин Д3 5000 ME + К2 120 капсул, витаминный комплекс для сосудов и иммунитета;1;0,00 ₽;19.11.2025;;;0%;;;-2,70 ₽
50975147-0392-1;17.01.2026;Услуги доставки;Логистика;4670157464770;1659212207;Витамин Д3 5000 ME + К2 120 капсул, витаминный комплекс для сосудов и иммунитета;1;524,00 ₽;10.01.2026;Ozon;FBO;27%;;;-46,77 ₽
50975147-0392-1;17.01.2026;Продажи;Выручка;4670157464770;1659212207;Витамин Д3 5000 ME + К2 120 капсул, витаминный комплекс для сосудов и иммунитета;1;524,00 ₽;10.01.2026;Ozon;FBO;0%;;;362,86 ₽
50975147-0392-1;17.01.2026;Продажи;Программы партнёров;4670157464770;1659212207;Витамин Д3 5000 ME + К2 120 капсул, витаминный комплекс для сосудов и иммунитета;1;524,00 ₽;10.01.2026;Ozon;FBO;0%;;;3,63 ₽
50975147-0392-1;17.01.2026;Продажи;Баллы за скидки;4670157464770;1659212207;Витамин Д3 5000 ME + К2 120 капсул, витаминный комплекс для сосудов и иммунитета;1;524,00 ₽;10.01.2026;Ozon;FBO;0%;;;157,51
50975147-0392-1;17.01.2026;Вознаграждение Ozon;Вознаграждение за продажу;4670157464770;1659212207;Витамин Д3 5000 ME + К2 120 капсул, витаминный комплекс для сосудов и иммунитета;1;524,00 ₽;10.01.2026;Ozon;FBO;27%;;;-141,48 ₽
50975147-0392-1;17.01.2026;Услуги агентов;Доставка до места выдачи;4670157464770;1659212207;Витамин Д3 5000 ME + К2 120 капсул, витаминный комплекс для сосудов и иммунитета;1;524,00 ₽;10.01.2026;Ozon;FBO;27%;;;-3,32 ₽
50975147-0392-1;17.01.2026;Услуги агентов;Звёздные товары;4670157464770;1659212207;Витамин Д3 5000 ME + К2 120 капсул, витаминный комплекс для сосудов и иммунитета;1;0,00 ₽;10.01.2026;Ozon;FBO;0%;;;-2,62 ₽
50975147-0392-1;17.01.2026;Продвижение и реклама;Бонусы продавца;4670157464770;1659212207;Витамин Д3 5000 ME + К2 120 капсул, витаминный комплекс для сосудов и иммунитета;1;0,00 ₽;10.01.2026;;;0%;;;-2,34 ₽
94456735-0152-1;17.01.2026;Услуги доставки;Логистика;4670157464770;1659212207;Витамин Д3 5000 ME + К2 120 капсул, витаминный комплекс для сосудов и иммунитета;1;455,00 ₽;09.01.2026;Ozon;FBO;27%;;;-46,77 ₽
94456735-0152-1;17.01.2026;Продажи;Выручка;4670157464770;1659212207;Витамин Д3 5000 ME + К2 120 капсул, витаминный комплекс для сосудов и иммунитета;1;455,00 ₽;09.01.2026;Ozon;FBO;0%;;;304,33 ₽
94456735-0152-1;17.01.2026;Продажи;Программы партнёров;4670157464770;1659212207;Витамин Д3 5000 ME + К2 120 капсул, витаминный комплекс для сосудов и иммунитета;1;455,00 ₽;09.01.2026;Ozon;FBO;0%;;;3,04 ₽
94456735-0152-1;17.01.2026;Продажи;Баллы за скидки;4670157464770;1659212207;Витамин Д3 5000 ME + К2 120 капсул, витаминный комплекс для сосудов и иммунитета;1;455,00 ₽;09.01.2026;Ozon;FBO;0%;;;147,63
94456735-0152-1;17.01.2026;Вознаграждение Ozon;Вознаграждение за продажу;4670157464770;1659212207;Витамин Д3 5000 ME + К2 120 капсул, витаминный комплекс для сосудов и иммунитета;1;455,00 ₽;09.01.2026;Ozon;FBO;27%;;;-122,85 ₽
94456735-0152-1;17.01.2026;Услуги агентов;Доставка до места выдачи;4670157464770;1659212207;Витамин Д3 5000 ME + К2 120 капсул, витаминный комплекс для сосудов и иммунитета;1;455,00 ₽;09.01.2026;Ozon;FBO;27%;;;-2,29 ₽
94456735-0152-1;17.01.2026;Услуги агентов;Звёздные товары;4670157464770;1659212207;Витамин Д3 5000 ME + К2 120 капсул, витаминный комплекс для сосудов и иммунитета;1;0,00 ₽;09.01.2026;Ozon;FBO;0%;;;-2,28 ₽
38263607-0547-4;17.01.2026;Услуги доставки;Логистика;4670157464770;1659212207;Витамин Д3 5000 ME + К2 120 капсул, витаминный комплекс для сосудов и иммунитета;1;450,00 ₽;10.01.2026;Ozon;FBO;27%;;;-46,77 ₽
38263607-0547-4;17.01.2026;Продажи;Выручка;4670157464770;1659212207;Витамин Д3 5000 ME + К2 120 капсул, витаминный комплекс для сосудов и иммунитета;1;450,00 ₽;10.01.2026;Ozon;FBO;0%;;;313,62 ₽
38263607-0547-4;17.01.2026;Продажи;Программы партнёров;4670157464770;1659212207;Витамин Д3 5000 ME + К2 120 капсул, витаминный комплекс для сосудов и иммунитета;1;450,00 ₽;10.01.2026;Ozon;FBO;0%;;;3,14 ₽
38263607-0547-4;17.01.2026;Продажи;Баллы за скидки;4670157464770;1659212207;Витамин Д3 5000 ME + К2 120 капсул, витаминный комплекс для сосудов и иммунитета;1;450,00 ₽;10.01.2026;Ozon;FBO;0%;;;133,24
38263607-0547-4;17.01.2026;Вознаграждение Ozon;Вознаграждение за продажу;4670157464770;1659212207;Витамин Д3 5000 ME + К2 120 капсул, витаминный комплекс для сосудов и иммунитета;1;450,00 ₽;10.01.2026;Ozon;FBO;27%;;;-121,50 ₽
38263607-0547-4;17.01.2026;Услуги агентов;Доставка до места выдачи;4670157464770;1659212207;Витамин Д3 5000 ME + К2 120 капсул, витаминный комплекс для сосудов и иммунитета;1;450,00 ₽;10.01.2026;Ozon;FBO;27%;;;-3,52 ₽
38263607-0547-4;17.01.2026;Услуги агентов;Звёздные товары;4670157464770;1659212207;Витамин Д3 5000 ME + К2 120 капсул, витаминный комплекс для сосудов и иммунитета;1;0,00 ₽;10.01.2026;Ozon;FBO;0%;;;-2,25 ₽
;17.01.2026;Услуги FBO;Размещение товаров на складах Ozon;;;;0;0,00 ₽;17.01.2026;;;0%;;;-66,04 ₽
02327586-1050;18.01.2026;Услуги агентов;Эквайринг;4670157464770;1659212207;Витамин Д3 5000 ME + К2 120 капсул, витаминный комплекс для сосудов и иммунитета;1;0,00 ₽;18.01.2026;;;0%;;;-7,08 ₽
25600670-0099-3;18.01.2026;Услуги доставки;Логистика;4670157464770;1659212207;Витамин Д3 5000 ME + К2 120 капсул, витаминный комплекс для сосудов и иммунитета;1;472,00 ₽;16.01.2026;Ozon;FBO;27%;;;-46,77 ₽
25600670-0099-3;18.01.2026;Продажи;Выручка;4670157464770;1659212207;Витамин Д3 5000 ME + К2 120 капсул, витаминный комплекс для сосудов и иммунитета;1;472,00 ₽;16.01.2026;Ozon;FBO;0%;;;334,60 ₽
25600670-0099-3;18.01.2026;Продажи;Программы партнёров;4670157464770;1659212207;Витамин Д3 5000 ME + К2 120 капсул, витаминный комплекс для сосудов и иммунитета;1;472,00 ₽;16.01.2026;Ozon;FBO;0%;;;3,35 ₽
25600670-0099-3;18.01.2026;Продажи;Баллы за скидки;4670157464770;1659212207;Витамин Д3 5000 ME + К2 120 капсул, витаминный комплекс для сосудов и иммунитета;1;472,00 ₽;16.01.2026;Ozon;FBO;0%;;;134,05
25600670-0099-3;18.01.2026;Вознаграждение Ozon;Вознаграждение за продажу;4670157464770;1659212207;Витамин Д3 5000 ME + К2 120 капсул, витаминный комплекс для сосудов и иммунитета;1;472,00 ₽;16.01.2026;Ozon;FBO;27%;;;-127,44 ₽
25600670-0099-3;18.01.2026;Услуги агентов;Доставка до места выдачи;4670157464770;1659212207;Витамин Д3 5000 ME + К2 120 капсул, витаминный комплекс для сосудов и иммунитета;1;472,00 ₽;16.01.2026;Ozon;FBO;27%;;;-3,31 ₽
25600670-0099-3;18.01.2026;Услуги агентов;Звёздные товары;4670157464770;1659212207;Витамин Д3 5000 ME + К2 120 капсул, витаминный комплекс для сосудов и иммунитета;1;0,00 ₽;16.01.2026;Ozon;FBO;0%;;;-2,36 ₽
25600670-0099-1;18.01.2026;Услуги доставки;Логистика;4670157464770;1659212207;Витамин Д3 5000 ME + К2 120 капсул, витаминный комплекс для сосудов и иммунитета;1;472,00 ₽;16.01.2026;Ozon;FBO;27%;;;-46,77 ₽
25600670-0099-1;18.01.2026;Продажи;Выручка;4670157464770;1659212207;Витамин Д3 5000 ME + К2 120 капсул, витаминный комплекс для сосудов и иммунитета;1;472,00 ₽;16.01.2026;Ozon;FBO;0%;;;334,60 ₽
25600670-0099-1;18.01.2026;Продажи;Программы партнёров;4670157464770;1659212207;Витамин Д3 5000 ME + К2 120 капсул, витаминный комплекс для сосудов и иммунитета;1;472,00 ₽;16.01.2026;Ozon;FBO;0%;;;3,35 ₽
25600670-0099-1;18.01.2026;Продажи;Баллы за скидки;4670157464770;1659212207;Витамин Д3 5000 ME + К2 120 капсул, витаминный комплекс для сосудов и иммунитета;1;472,00 ₽;16.01.2026;Ozon;FBO;0%;;;134,05
25600670-0099-1;18.01.2026;Вознаграждение Ozon;Вознаграждение за продажу;4670157464770;1659212207;Витамин Д3 5000 ME + К2 120 капсул, витаминный комплекс для сосудов и иммунитета;1;472,00 ₽;16.01.2026;Ozon;FBO;27%;;;-127,44 ₽
25600670-0099-1;18.01.2026;Услуги агентов;Доставка до места выдачи;4670157464770;1659212207;Витамин Д3 5000 ME + К2 120 капсул, витаминный комплекс для сосудов и иммунитета;1;472,00 ₽;16.01.2026;Ozon;FBO;27%;;;-3,31 ₽
25600670-0099-1;18.01.2026;Услуги агентов;Звёздные товары;4670157464770;1659212207;Витамин Д3 5000 ME + К2 120 капсул, витаминный комплекс для сосудов и иммунитета;1;0,00 ₽;16.01.2026;Ozon;FBO;0%;;;-2,36 ₽
25600670-0099-3;18.01.2026;Продвижение и реклама;Бонусы продавца;4670157464770;1659212207;Витамин Д3 5000 ME + К2 120 капсул, витаминный комплекс для сосудов и иммунитета;1;0,00 ₽;16.01.2026;;;0%;;;-2,16 ₽
25600670-0099-1;18.01.2026;Продвижение и реклама;Бонусы продавца;4670157464770;1659212207;Витамин Д3 5000 ME + К2 120 капсул, витаминный комплекс для сосудов и иммунитета;1;0,00 ₽;16.01.2026;;;0%;;;-2,16 ₽
;18.01.2026;Услуги FBO;Размещение товаров на складах Ozon;;;;0;0,00 ₽;18.01.2026;;;0%;;;-65,66 ₽
0232010904-0003;19.01.2026;Услуги агентов;Эквайринг;4670157464770;1659212207;Витамин Д3 5000 ME + К2 120 капсул, витаминный комплекс для сосудов и иммунитета;1;0,00 ₽;19.01.2026;;;0%;;;-7,08 ₽
0232010904-0003;19.01.2026;Услуги агентов;Эквайринг;4670157464770;1659212207;Витамин Д3 5000 ME + К2 120 капсул, витаминный комплекс для сосудов и иммунитета;1;0,00 ₽;19.01.2026;;;0%;;;7,08 ₽
33124789-0335;19.01.2026;Услуги агентов;Эквайринг;4670157464848;1659298299;Л Карнитин комплекс для похудения сжиросжигатель, энергия и коррекция веса, витамины для мужчины и женщин;1;0,00 ₽;19.01.2026;;;0%;;;-4,88 ₽
33558504-0277-3;19.01.2026;Услуги доставки;Логистика;4670157464770;1659212207;Витамин Д3 5000 ME + К2 120 капсул, витаминный комплекс для сосудов и иммунитета;1;472,00 ₽;14.01.2026;Ozon;FBO;27%;;;-46,77 ₽
33558504-0277-3;19.01.2026;Продажи;Выручка;4670157464770;1659212207;Витамин Д3 5000 ME + К2 120 капсул, витаминный комплекс для сосудов и иммунитета;1;472,00 ₽;14.01.2026;Ozon;FBO;0%;;;346,34 ₽
33558504-0277-3;19.01.2026;Продажи;Программы партнёров;4670157464770;1659212207;Витамин Д3 5000 ME + К2 120 капсул, витаминный комплекс для сосудов и иммунитета;1;472,00 ₽;14.01.2026;Ozon;FBO;0%;;;3,46 ₽
33558504-0277-3;19.01.2026;Продажи;Баллы за скидки;4670157464770;1659212207;Витамин Д3 5000 ME + К2 120 капсул, витаминный комплекс для сосудов и иммунитета;1;472,00 ₽;14.01.2026;Ozon;FBO;0%;;;122,20
33558504-0277-3;19.01.2026;Вознаграждение Ozon;Вознаграждение за продажу;4670157464770;1659212207;Витамин Д3 5000 ME + К2 120 капсул, витаминный комплекс для сосудов и иммунитета;1;472,00 ₽;14.01.2026;Ozon;FBO;27%;;;-127,44 ₽
33558504-0277-3;19.01.2026;Услуги агентов;Доставка до места выдачи;4670157464770;1659212207;Витамин Д3 5000 ME + К2 120 капсул, витаминный комплекс для сосудов и иммунитета;1;472,00 ₽;14.01.2026;Ozon;FBO;27%;;;-2,87 ₽
33558504-0277-1;19.01.2026;Услуги доставки;Логистика;4670157464770;1659212207;Витамин Д3 5000 ME + К2 120 капсул, витаминный комплекс для сосудов и иммунитета;1;472,00 ₽;14.01.2026;Ozon;FBO;27%;;;-46,77 ₽
33558504-0277-1;19.01.2026;Продажи;Выручка;4670157464770;1659212207;Витамин Д3 5000 ME + К2 120 капсул, витаминный комплекс для сосудов и иммунитета;1;472,00 ₽;14.01.2026;Ozon;FBO;0%;;;346,34 ₽
33558504-0277-1;19.01.2026;Продажи;Программы партнёров;4670157464770;1659212207;Витамин Д3 5000 ME + К2 120 капсул, витаминный комплекс для сосудов и иммунитета;1;472,00 ₽;14.01.2026;Ozon;FBO;0%;;;3,46 ₽
33558504-0277-1;19.01.2026;Продажи;Баллы за скидки;4670157464770;1659212207;Витамин Д3 5000 ME + К2 120 капсул, витаминный комплекс для сосудов и иммунитета;1;472,00 ₽;14.01.2026;Ozon;FBO;0%;;;122,20
33558504-0277-1;19.01.2026;Вознаграждение Ozon;Вознаграждение за продажу;4670157464770;1659212207;Витамин Д3 5000 ME + К2 120 капсул, витаминный комплекс для сосудов и иммунитета;1;472,00 ₽;14.01.2026;Ozon;FBO;27%;;;-127,44 ₽
33558504-0277-1;19.01.2026;Услуги агентов;Доставка до места выдачи;4670157464770;1659212207;Витамин Д3 5000 ME + К2 120 капсул, витаминный комплекс для сосудов и иммунитета;1;472,00 ₽;14.01.2026;Ozon;FBO;27%;;;-2,87 ₽
33558504-0277-1;19.01.2026;Услуги агентов;Звёздные товары;4670157464770;1659212207;Витамин Д3 5000 ME + К2 120 капсул, витаминный комплекс для сосудов и иммунитета;1;0,00 ₽;14.01.2026;Ozon;FBO;0%;;;-2,36 ₽
33558504-0277-3;19.01.2026;Услуги агентов;Звёздные товары;4670157464770;1659212207;Витамин Д3 5000 ME + К2 120 капсул, витаминный комплекс для сосудов и иммунитета;1;0,00 ₽;14.01.2026;Ozon;FBO;0%;;;-2,36 ₽
33558504-0277-3;19.01.2026;Продвижение и реклама;Бонусы продавца;4670157464770;1659212207;Витамин Д3 5000 ME + К2 120 капсул, витаминный комплекс для сосудов и иммунитета;1;0,00 ₽;14.01.2026;;;0%;;;-2,25 ₽
33558504-0277-1;19.01.2026;Продвижение и реклама;Бонусы продавца;4670157464770;1659212207;Витамин Д3 5000 ME + К2 120 капсул, витаминный комплекс для сосудов и иммунитета;1;0,00 ₽;14.01.2026;;;0%;;;-2,25 ₽
05941225-0368;19.01.2026;Услуги агентов;Эквайринг;4670157464770;1659212207;Витамин Д3 5000 ME + К2 120 капсул, витаминный комплекс для сосудов и иммунитета;1;0,00 ₽;19.01.2026;;;0%;;;-6,84 ₽
45808830-0347-1;19.01.2026;Услуги доставки;Логистика;4670157464770;1659212207;Витамин Д3 5000 ME + К2 120 капсул, витаминный комплекс для сосудов и иммунитета;1;524,00 ₽;16.01.2026;Ozon;FBO;27%;;;-46,77 ₽
45808830-0347-1;19.01.2026;Продажи;Выручка;4670157464770;1659212207;Витамин Д3 5000 ME + К2 120 капсул, витаминный комплекс для сосудов и иммунитета;1;524,00 ₽;16.01.2026;Ozon;FBO;0%;;;384,76 ₽
45808830-0347-1;19.01.2026;Продажи;Программы партнёров;4670157464770;1659212207;Витамин Д3 5000 ME + К2 120 капсул, витаминный комплекс для сосудов и иммунитета;1;524,00 ₽;16.01.2026;Ozon;FBO;0%;;;3,85 ₽
45808830-0347-1;19.01.2026;Продажи;Баллы за скидки;4670157464770;1659212207;Витамин Д3 5000 ME + К2 120 капсул, витаминный комплекс для сосудов и иммунитета;1;524,00 ₽;16.01.2026;Ozon;FBO;0%;;;135,39
45808830-0347-1;19.01.2026;Вознаграждение Ozon;Вознаграждение за продажу;4670157464770;1659212207;Витамин Д3 5000 ME + К2 120 капсул, витаминный комплекс для сосудов и иммунитета;1;524,00 ₽;16.01.2026;Ozon;FBO;27%;;;-141,48 ₽
45808830-0347-1;19.01.2026;Услуги агентов;Доставка до места выдачи;4670157464770;1659212207;Витамин Д3 5000 ME + К2 120 капсул, витаминный комплекс для сосудов и иммунитета;1;524,00 ₽;16.01.2026;Ozon;FBO;27%;;;-4,40 ₽
45808830-0347-1;19.01.2026;Услуги агентов;Звёздные товары;4670157464770;1659212207;Витамин Д3 5000 ME + К2 120 капсул, витаминный комплекс для сосудов и иммунитета;1;0,00 ₽;16.01.2026;Ozon;FBO;0%;;;-2,62 ₽
45808830-0347-1;19.01.2026;Продвижение и реклама;Бонусы продавца;4670157464770;1659212207;Витамин Д3 5000 ME + К2 120 капсул, витаминный комплекс для сосудов и иммунитета;1;0,00 ₽;16.01.2026;;;0%;;;-2,52 ₽
40586590-0373-1;19.01.2026;Услуги доставки;Логистика;4670157464770;1659212207;Витамин Д3 5000 ME + К2 120 капсул, витаминный комплекс для сосудов и иммунитета;1;524,00 ₽;15.01.2026;Ozon;FBO;27%;;;-46,77 ₽
40586590-0373-1;19.01.2026;Продажи;Выручка;4670157464770;1659212207;Витамин Д3 5000 ME + К2 120 капсул, витаминный комплекс для сосудов и иммунитета;1;524,00 ₽;15.01.2026;Ozon;FBO;0%;;;372,38 ₽
40586590-0373-1;19.01.2026;Продажи;Программы партнёров;4670157464770;1659212207;Витамин Д3 5000 ME + К2 120 капсул, витаминный комплекс для сосудов и иммунитета;1;524,00 ₽;15.01.2026;Ozon;FBO;0%;;;3,72 ₽
40586590-0373-1;19.01.2026;Продажи;Баллы за скидки;4670157464770;1659212207;Витамин Д3 5000 ME + К2 120 капсул, витаминный комплекс для сосудов и иммунитета;1;524,00 ₽;15.01.2026;Ozon;FBO;0%;;;147,90
40586590-0373-1;19.01.2026;Вознаграждение Ozon;Вознаграждение за продажу;4670157464770;1659212207;Витамин Д3 5000 ME + К2 120 капсул, витаминный комплекс для сосудов и иммунитета;1;524,00 ₽;15.01.2026;Ozon;FBO;27%;;;-141,48 ₽
40586590-0373-1;19.01.2026;Услуги агентов;Доставка до места выдачи;4670157464770;1659212207;Витамин Д3 5000 ME + К2 120 капсул, витаминный комплекс для сосудов и иммунитета;1;524,00 ₽;15.01.2026;Ozon;FBO;27%;;;-2,82 ₽
40586590-0373-1;19.01.2026;Услуги агентов;Звёздные товары;4670157464770;1659212207;Витамин Д3 5000 ME + К2 120 капсул, витаминный комплекс для сосудов и иммунитета;1;0,00 ₽;15.01.2026;Ozon;FBO;0%;;;-2,62 ₽
;19.01.2026;Услуги FBO;Размещение товаров на складах Ozon;;;;0;0,00 ₽;19.01.2026;;;0%;;;-64,91 ₽
0102139733-0370;20.01.2026;Услуги агентов;Эквайринг;4670157464770;1659212207;Витамин Д3 5000 ME + К2 120 капсул, витаминный комплекс для сосудов и иммунитета;1;0,00 ₽;20.01.2026;;;0%;;;-7,00 ₽
44802518-0197;20.01.2026;Услуги агентов;Эквайринг;4670157464848;1659298299;Л Карнитин комплекс для похудения сжиросжигатель, энергия и коррекция веса, витамины для мужчины и женщин;1;0,00 ₽;20.01.2026;;;0%;;;-4,90 ₽
0142257096-0225;20.01.2026;Услуги агентов;Эквайринг;4670157464848;1659298299;Л Карнитин комплекс для похудения сжиросжигатель, энергия и коррекция веса, витамины для мужчины и женщин;1;0,00 ₽;20.01.2026;;;0%;;;-4,98 ₽
20207611-0310;20.01.2026;Услуги агентов;Эквайринг;4670157464770;1659212207;Витамин Д3 5000 ME + К2 120 капсул, витаминный комплекс для сосудов и иммунитета;3;0,00 ₽;20.01.2026;;;0%;;;-17,79 ₽
;20.01.2026;Услуги FBO;Размещение товаров на складах Ozon;;;;0;0,00 ₽;20.01.2026;;;0%;;;-64,53 ₽
63263911-0171-3;21.01.2026;Услуги доставки;Логистика;4670157464770;1659212207;Витамин Д3 5000 ME + К2 120 капсул, витаминный комплекс для сосудов и иммунитета;1;524,00 ₽;15.01.2026;Ozon;FBO;27%;;;-46,77 ₽
63263911-0171-3;21.01.2026;Продажи;Выручка;4670157464770;1659212207;Витамин Д3 5000 ME + К2 120 капсул, витаминный комплекс для сосудов и иммунитета;1;524,00 ₽;15.01.2026;Ozon;FBO;0%;;;384,76 ₽
63263911-0171-3;21.01.2026;Продажи;Программы партнёров;4670157464770;1659212207;Витамин Д3 5000 ME + К2 120 капсул, витаминный комплекс для сосудов и иммунитета;1;524,00 ₽;15.01.2026;Ozon;FBO;0%;;;3,85 ₽
63263911-0171-3;21.01.2026;Продажи;Баллы за скидки;4670157464770;1659212207;Витамин Д3 5000 ME + К2 120 капсул, витаминный комплекс для сосудов и иммунитета;1;524,00 ₽;15.01.2026;Ozon;FBO;0%;;;135,39
63263911-0171-3;21.01.2026;Вознаграждение Ozon;Вознаграждение за продажу;4670157464770;1659212207;Витамин Д3 5000 ME + К2 120 капсул, витаминный комплекс для сосудов и иммунитета;1;524,00 ₽;15.01.2026;Ozon;FBO;27%;;;-141,48 ₽
63263911-0171-3;21.01.2026;Услуги агентов;Доставка до места выдачи;4670157464770;1659212207;Витамин Д3 5000 ME + К2 120 капсул, витаминный комплекс для сосудов и иммунитета;1;524,00 ₽;15.01.2026;Ozon;FBO;27%;;;-2,95 ₽
63263911-0171-3;21.01.2026;Услуги агентов;Звёздные товары;4670157464770;1659212207;Витамин Д3 5000 ME + К2 120 капсул, витаминный комплекс для сосудов и иммунитета;1;0,00 ₽;15.01.2026;Ozon;FBO;0%;;;-2,62 ₽
63263911-0171-3;21.01.2026;Продвижение и реклама;Бонусы продавца;4670157464770;1659212207;Витамин Д3 5000 ME + К2 120 капсул, витаминный комплекс для сосудов и иммунитета;1;0,00 ₽;15.01.2026;;;0%;;;-2,52 ₽
41360554-0296;21.01.2026;Услуги агентов;Эквайринг;4670157464770;1659212207;Витамин Д3 5000 ME + К2 120 капсул, витаминный комплекс для сосудов и иммунитета;1;0,00 ₽;21.01.2026;;;0%;;;-5,34 ₽
0135784519-0026;21.01.2026;Услуги агентов;Эквайринг;4670227414995;1691361926;Тестостерон для мужчин, комплекс витаминов для роста мышц и потенции, цинк, тестобустер, витамины для мужчин;1;0,00 ₽;21.01.2026;;;0%;;;-0,02 ₽
98526604-0038;21.01.2026;Услуги агентов;Эквайринг;4670157464770;1659212207;Витамин Д3 5000 ME + К2 120 капсул, витаминный комплекс для сосудов и иммунитета;1;0,00 ₽;21.01.2026;;;0%;;;-7,20 ₽
;21.01.2026;Услуги FBO;Размещение товаров на складах Ozon;;;;0;0,00 ₽;21.01.2026;;;0%;;;-63,04 ₽
0121895223-0072;22.01.2026;Услуги агентов;Эквайринг;4670157464770;1659212207;Витамин Д3 5000 ME + К2 120 капсул, витаминный комплекс для сосудов и иммунитета;1;0,00 ₽;22.01.2026;;;0%;;;-10,13 ₽
0142257096-0225-1;22.01.2026;Услуги доставки;Логистика;4670157464848;1659298299;Л Карнитин комплекс для похудения сжиросжигатель, энергия и коррекция веса, витамины для мужчины и женщин;1;487,00 ₽;20.01.2026;Ozon;FBO;34%;;;-46,77 ₽
0142257096-0225-1;22.01.2026;Продажи;Выручка;4670157464848;1659298299;Л Карнитин комплекс для похудения сжиросжигатель, энергия и коррекция веса, витамины для мужчины и женщин;1;487,00 ₽;20.01.2026;Ozon;FBO;0%;;;261,90 ₽
0142257096-0225-1;22.01.2026;Продажи;Программы партнёров;4670157464848;1659298299;Л Карнитин комплекс для похудения сжиросжигатель, энергия и коррекция веса, витамины для мужчины и женщин;1;487,00 ₽;20.01.2026;Ozon;FBO;0%;;;2,62 ₽
0142257096-0225-1;22.01.2026;Продажи;Баллы за скидки;4670157464848;1659298299;Л Карнитин комплекс для похудения сжиросжигатель, энергия и коррекция веса, витамины для мужчины и женщин;1;487,00 ₽;20.01.2026;Ozon;FBO;0%;;;222,48
0142257096-0225-1;22.01.2026;Вознаграждение Ozon;Вознаграждение за продажу;4670157464848;1659298299;Л Карнитин комплекс для похудения сжиросжигатель, энергия и коррекция веса, витамины для мужчины и женщин;1;487,00 ₽;20.01.2026;Ozon;FBO;34%;;;-165,58 ₽
0142257096-0225-1;22.01.2026;Услуги агентов;Доставка до места выдачи;4670157464848;1659298299;Л Карнитин комплекс для похудения сжиросжигатель, энергия и коррекция веса, витамины для мужчины и женщин;1;487,00 ₽;20.01.2026;Ozon;FBO;34%;;;-2,20 ₽
0142257096-0225-1;22.01.2026;Услуги агентов;Звёздные товары;4670157464848;1659298299;Л Карнитин комплекс для похудения сжиросжигатель, энергия и коррекция веса, витамины для мужчины и женщин;1;0,00 ₽;20.01.2026;Ozon;FBO;0%;;;-2,44 ₽
0142257096-0225-1;22.01.2026;Продвижение и реклама;Бонусы продавца;4670157464848;1659298299;Л Карнитин комплекс для похудения сжиросжигатель, энергия и коррекция веса, витамины для мужчины и женщин;1;0,00 ₽;20.01.2026;;;0%;;;-1,71 ₽
85105024-0120;22.01.2026;Услуги агентов;Эквайринг;4670157464770;1659212207;Витамин Д3 5000 ME + К2 120 капсул, витаминный комплекс для сосудов и иммунитета;1;0,00 ₽;22.01.2026;;;0%;;;-0,02 ₽
;22.01.2026;Услуги FBO;Размещение товаров на складах Ozon;;;;0;0,00 ₽;22.01.2026;;;0%;;;-61,06 ₽